{"x": -0.6534973130026507, "y": -0.4720368905169059, "z": -2.220446049250313e-16}